id,loss
0,6.8723122150518705
1,7.216316936285857
2,7.236690327871863
3,7.165416959945121
4,7.173061533642712
5,7.2317753559142295
6,7.228334606290002
7,7.113698184427507
8,7.047152690635112
9,7.093727608966418
